review_id,sent_idx,sentence,aspects,sentiments,sentiment_score_mean,sentiment_score_weighted
96,0,"Sản phẩm tốt, nhưng pin không trâu như mình nghĩ...xài cả ngày 2,3 tiếng chỉ lướt fb mà pin tuột quá mau","['general', 'battery']","{'general': {'label': 'Negative', 'confidence': 1.0, 'score': -1.0}, 'battery': {'label': 'Negative', 'confidence': 1.0, 'score': -1.0}}",-1.0,-1.0
1401,0,Hàng chất lượng sai rất ok cho thế giới đi đông 5 sao .Mình mua hơn 4 tháng mà thấy rất tuyệt vời thanks nhà bạn hàng số 1 Viêt Năm.,['general'],"{'general': {'label': 'Positive', 'confidence': 1.0, 'score': 1.0}}",1.0,1.0
1995,0,"E mới mưa đc 2 tháng. Mà e mới cập nhật phiên bản miui mới nhất  , e sử dụng thấy nó tụt pin nhanh quá. Mún xuống lại bản cập nhật cũ thì làm sao ạ","['battery', 'features']","{'battery': {'label': 'Negative', 'confidence': 1.0, 'score': -1.0}, 'features': {'label': 'Negative', 'confidence': 1.0, 'score': -1.0}}",-1.0,-1.0
1987,0,"Mới mua hôm nay giao hàng ngay hôm nay rất nhanh :)) Hàng đã sài tc r giờ sài tiếp nói chung em này quá oke rồi  . quá ok với giá tiền , thanks shop .","['general', 'price', 'ser&acc']","{'general': {'label': 'Positive', 'confidence': 1.0, 'score': 1.0}, 'price': {'label': 'Positive', 'confidence': 1.0, 'score': 1.0}, 'ser&acc': {'label': 'Positive', 'confidence': 1.0, 'score': 1.0}}",1.0,1.0
859,0,Sao máy lúc nào cũng nóng vậy nhỉ mk có để treo zallo messager rồi xem Youtube mà đã lên 41 độ ui,"['performance', 'battery']","{'performance': {'label': 'Negative', 'confidence': 1.0, 'score': -1.0}, 'battery': {'label': 'Negative', 'confidence': 1.0, 'score': -1.0}}",-1.0,-1.0
707,0,"Máy đẹp, mình mua màu xanh, mặt lưng nhìn rất đẹp. Màn hình to, đẹp, mình lướt FB, xem youtube đều rất mượt. Mua được trả góp 0% nữa,rất phù hợp với sinh viên nha các bạn.","['design', 'screen', 'performance', 'price']","{'design': {'label': 'Positive', 'confidence': 1.0, 'score': 1.0}, 'screen': {'label': 'Positive', 'confidence': 1.0, 'score': 1.0}, 'performance': {'label': 'Positive', 'confidence': 1.0, 'score': 1.0}, 'price': {'label': 'Positive', 'confidence': 1.0, 'score': 1.0}}",1.0,1.0
1263,0,"Máy tầm này tiền mà chip yếu quá , chơi game lag wifi kém,cam xấu ,mua redmi note 8 ngon hơn (máy này chắc chỉ dùng để lướt wed xem phim và học thôi,ko game đc đâu , cân nhắc trước khi mua :( )","['performance', 'features', 'camera', 'general']","{'performance': {'label': 'Negative', 'confidence': 1.0, 'score': -1.0}, 'features': {'label': 'Negative', 'confidence': 1.0, 'score': -1.0}, 'camera': {'label': 'Negative', 'confidence': 1.0, 'score': -1.0}, 'general': {'label': 'Negative', 'confidence': 1.0, 'score': -1.0}}",-1.0,-1.0
290,0,"Sản phẩm rất tốt trong tầm giá, cấu hình mạnh, pin trâu, hđh cũng rất mượt mà. Nói chung không hối hận khi mua","['general', 'performance', 'battery']","{'general': {'label': 'Positive', 'confidence': 1.0, 'score': 1.0}, 'performance': {'label': 'Positive', 'confidence': 1.0, 'score': 1.0}, 'battery': {'label': 'Positive', 'confidence': 1.0, 'score': 1.0}}",1.0,1.0
1978,0,màn hình lâu lâu bị chớp một cái thì làm sao đây ad cứ bị chớp khó chịu quá khởi động lại máy r nó vẫn y như v,"['screen', 'performance']","{'screen': {'label': 'Negative', 'confidence': 1.0, 'score': -1.0}, 'performance': {'label': 'Negative', 'confidence': 1.0, 'score': -1.0}}",-1.0,-1.0
